A,6,THR,N,A,9,GLN,OE1,42.30769230769231
A,7,PHE,N,A,36,GLU,OE1,92.3076923076923
A,7,PHE,N,A,36,GLU,OE2,92.3076923076923
A,8,LYS,N,A,6,THR,OG1,42.30769230769231
A,8,LYS,NZ,A,104,ASP,OD1,34.61538461538461
A,8,LYS,NZ,A,104,ASP,OD2,34.61538461538461
A,9,GLN,N,A,6,THR,OG1,92.3076923076923
A,10,ARG,N,A,6,THR,O,100.0
A,10,ARG,N,A,7,PHE,O,50.0
A,10,ARG,NE,A,6,THR,O,3.8461538461538463
A,10,ARG,NH1,B,1046,GLU,OE2,11.538461538461538
A,11,ARG,N,A,7,PHE,O,92.3076923076923
A,11,ARG,NE,A,19,ASP,OD1,19.230769230769234
A,11,ARG,NE,A,19,ASP,OD2,19.230769230769234
A,11,ARG,NH2,A,19,ASP,OD1,19.230769230769234
A,11,ARG,NH2,A,19,ASP,OD2,23.076923076923077
A,12,THR,N,A,15,GLN,OE1,23.076923076923077
A,15,GLN,N,A,12,THR,O,88.46153846153845
A,16,ARG,N,A,12,THR,O,92.3076923076923
A,16,ARG,NE,A,106,ASP,OD1,65.38461538461539
A,16,ARG,NH1,A,11,ARG,O,96.15384615384616
A,16,ARG,NH2,A,106,ASP,OD1,65.38461538461539
A,17,VAL,N,A,13,PHE,O,100.0
A,18,GLU,N,A,15,GLN,O,61.53846153846154
A,19,ASP,N,A,15,GLN,O,92.3076923076923
A,20,VAL,N,A,16,ARG,O,96.15384615384616
A,21,ARG,N,A,17,VAL,O,80.76923076923077
A,21,ARG,N,A,18,GLU,O,57.692307692307686
A,21,ARG,NH1,A,18,GLU,OE2,11.538461538461538
A,22,LEU,N,A,18,GLU,O,100.0
A,22,LEU,N,A,19,ASP,O,38.46153846153847
A,23,ILE,N,A,19,ASP,O,100.0
A,24,ARG,N,A,20,VAL,O,76.92307692307693
A,25,GLU,N,A,21,ARG,O,76.92307692307693
A,25,GLU,N,A,22,LEU,O,84.61538461538461
A,26,GLN,N,A,22,LEU,O,69.23076923076923
A,27,HIS,N,A,22,LEU,O,3.8461538461538463
A,27,HIS,N,A,23,ILE,O,96.15384615384616
A,30,LYS,N,A,27,HIS,O,96.15384615384616
A,30,LYS,NZ,B,1051,GLN,NE2,3.8461538461538463
A,31,ILE,N,A,54,VAL,O,100.0
A,33,VAL,N,A,52,PHE,O,100.0
A,34,ILE,N,A,109,LEU,O,100.0
A,35,ILE,N,A,50,THR,O,100.0
A,36,GLU,N,A,111,MET,O,100.0
A,37,ARG,NH1,A,44,LEU,O,100.0
A,37,ARG,NH2,A,4,GLU,OE1,11.538461538461538
A,38,TYR,N,A,113,TYR,O,100.0
A,41,GLU,N,A,38,TYR,O,96.15384615384616
A,42,LYS,N,A,41,GLU,OE2,42.30769230769231
A,43,GLN,N,A,41,GLU,OE2,73.07692307692307
A,43,GLN,NE2,A,117,GLU,OE1,7.6923076923076925
A,44,LEU,N,A,41,GLU,OE2,73.07692307692307
A,47,LEU,N,A,113,TYR,OH,42.30769230769231
A,48,ASP,N,A,48,ASP,OD1,42.30769230769231
A,49,LYS,N,A,48,ASP,OD1,19.230769230769234
A,49,LYS,NZ,B,1050,ASP,OD1,15.384615384615385
A,50,THR,OG1,A,35,ILE,O,11.538461538461538
A,51,LYS,NZ,A,19,ASP,OD1,30.76923076923077
A,51,LYS,NZ,B,1046,GLU,O,15.384615384615385
A,52,PHE,N,A,33,VAL,O,100.0
A,53,LEU,N,B,1050,ASP,O,100.0
A,54,VAL,N,A,31,ILE,O,100.0
A,56,ASP,N,A,29,THR,O,38.46153846153847
A,57,HIS,N,A,57,HIS,ND1,96.15384615384616
A,58,VAL,N,A,55,PRO,O,100.0
A,59,ASN,ND2,A,93,THR,O,3.8461538461538463
A,60,MET,N,A,93,THR,O,100.0
A,61,SER,N,A,91,VAL,O,92.3076923076923
A,62,GLU,N,A,59,ASN,O,73.07692307692307
A,63,LEU,N,A,59,ASN,O,100.0
A,64,ILE,N,A,60,MET,O,100.0
A,64,ILE,N,A,61,SER,O,38.46153846153847
A,65,LYS,N,A,61,SER,O,53.84615384615385
A,65,LYS,N,A,62,GLU,O,96.15384615384616
A,65,LYS,NZ,A,62,GLU,OE2,3.8461538461538463
A,66,ILE,N,A,62,GLU,O,96.15384615384616
A,67,ILE,N,A,63,LEU,O,100.0
A,68,ARG,N,A,64,ILE,O,96.15384615384616
A,68,ARG,N,A,65,LYS,O,19.230769230769234
A,69,ARG,N,A,65,LYS,O,92.3076923076923
A,69,ARG,N,A,66,ILE,O,57.692307692307686
A,70,ARG,N,A,66,ILE,O,96.15384615384616
A,70,ARG,NH1,B,1050,ASP,OD2,57.692307692307686
A,70,ARG,NH2,B,1050,ASP,OD2,61.53846153846154
A,71,LEU,N,A,67,ILE,O,100.0
A,71,LEU,N,A,68,ARG,O,57.692307692307686
A,72,GLN,N,A,69,ARG,O,92.3076923076923
A,73,LEU,N,A,68,ARG,O,100.0
A,74,ASN,N,A,77,GLN,OE1,69.23076923076923
A,77,GLN,N,A,74,ASN,O,96.15384615384616
A,77,GLN,N,A,75,ALA,O,11.538461538461538
A,78,ALA,N,A,116,GLN,NE2,3.8461538461538463
A,80,PHE,N,A,114,ALA,O,100.0
A,82,LEU,N,A,112,VAL,O,100.0
A,83,VAL,N,A,87,SER,O,100.0
A,84,ASN,N,A,110,TYR,O,100.0
A,84,ASN,ND2,A,102,GLU,OE2,3.8461538461538463
A,85,GLY,N,A,82,LEU,O,96.15384615384616
A,86,HIS,N,A,83,VAL,O,96.15384615384616
A,87,SER,N,A,83,VAL,O,100.0
A,93,THR,N,A,90,SER,O,84.61538461538461
A,95,ILE,N,A,58,VAL,O,100.0
A,96,SER,N,A,56,ASP,O,80.76923076923077
A,96,SER,OG,A,97,GLU,OE1,3.8461538461538463
A,97,GLU,N,A,94,PRO,O,84.61538461538461
A,98,VAL,N,A,94,PRO,O,100.0
A,99,TYR,N,A,95,ILE,O,100.0
A,99,TYR,OH,A,107,GLY,O,100.0
A,100,GLU,N,A,96,SER,O,80.76923076923077
A,100,GLU,N,A,97,GLU,O,53.84615384615385
A,101,SER,N,A,97,GLU,O,84.61538461538461
A,101,SER,N,A,98,VAL,O,76.92307692307693
A,101,SER,OG,A,97,GLU,O,15.384615384615385
A,102,GLU,N,A,98,VAL,O,100.0
A,103,LYS,N,A,100,GLU,O,19.230769230769234
A,103,LYS,N,A,101,SER,O,15.384615384615385
A,105,GLU,N,A,104,ASP,OD1,80.76923076923077
A,105,GLU,N,A,104,ASP,OD2,57.692307692307686
A,106,ASP,N,A,106,ASP,OD1,30.76923076923077
A,106,ASP,N,A,106,ASP,OD2,23.076923076923077
A,107,GLY,N,A,106,ASP,OD2,11.538461538461538
A,108,PHE,N,A,106,ASP,OD2,19.230769230769234
A,109,LEU,N,A,32,PRO,O,100.0
A,110,TYR,OH,A,106,ASP,OD1,42.30769230769231
A,110,TYR,OH,A,106,ASP,OD2,61.53846153846154
A,111,MET,N,A,34,ILE,O,100.0
A,112,VAL,N,A,82,LEU,O,100.0
A,113,TYR,N,A,36,GLU,O,100.0
A,113,TYR,OH,A,45,PRO,O,100.0
A,114,ALA,N,A,80,PHE,O,100.0
A,115,SER,N,A,41,GLU,OE1,84.61538461538461
A,115,SER,N,A,118,THR,OG1,42.30769230769231
A,115,SER,OG,A,41,GLU,OE1,26.923076923076923
A,115,SER,OG,A,41,GLU,OE2,23.076923076923077
A,116,GLN,NE2,A,78,ALA,O,3.8461538461538463
A,118,THR,N,A,115,SER,OG,26.923076923076923
A,118,THR,OG1,A,41,GLU,OE1,100.0
A,119,PHE,N,A,115,SER,O,100.0
A,120,GLY,N,A,116,GLN,O,61.53846153846154
A,120,GLY,N,A,117,GLU,O,53.84615384615385
A,121,MET,N,A,117,GLU,O,15.384615384615385
A,121,MET,N,A,118,THR,O,34.61538461538461
A,122,LYS,N,A,119,PHE,O,19.230769230769234
A,123,LEU,N,A,119,PHE,O,23.076923076923077
A,123,LEU,N,A,120,GLY,O,15.384615384615385
A,124,SER,N,A,120,GLY,O,15.384615384615385
A,124,SER,N,A,121,MET,O,19.230769230769234
B,1043,SER,N,B,1041,LEU,O,3.8461538461538463
B,1044,GLY,N,B,1048,TYR,OH,3.8461538461538463
B,1046,GLU,N,B,1046,GLU,OE1,11.538461538461538
B,1047,TYR,N,B,1044,GLY,O,73.07692307692307
B,1047,TYR,OH,B,1042,ASN,OD1,3.8461538461538463
B,1048,TYR,N,B,1044,GLY,O,61.53846153846154
B,1050,ASP,N,A,51,LYS,O,100.0
B,1052,LEU,N,A,53,LEU,O,100.0
B,1053,ASN,ND2,B,1051,GLN,O,7.6923076923076925
A,1,MET,N,A,2,PRO,O,3.8461538461538463
A,8,LYS,NZ,A,106,ASP,OD1,3.8461538461538463
A,8,LYS,NZ,A,106,ASP,OD2,3.8461538461538463
A,8,LYS,NZ,A,110,TYR,OH,3.8461538461538463
A,9,GLN,N,A,6,THR,O,73.07692307692307
A,9,GLN,NE2,A,6,THR,OG1,7.6923076923076925
A,11,ARG,NH1,B,1042,ASN,OD1,3.8461538461538463
A,12,THR,N,A,15,GLN,NE2,26.923076923076923
A,12,THR,OG1,A,14,GLU,OE1,3.8461538461538463
A,12,THR,OG1,A,14,GLU,OE2,3.8461538461538463
A,14,GLU,N,A,14,GLU,OE1,3.8461538461538463
A,14,GLU,N,A,14,GLU,OE2,3.8461538461538463
A,15,GLN,NE2,A,12,THR,OG1,34.61538461538461
A,16,ARG,N,A,13,PHE,O,50.0
A,16,ARG,NE,A,106,ASP,OD2,61.53846153846154
A,16,ARG,NH2,A,106,ASP,OD2,53.84615384615385
A,18,GLU,N,A,14,GLU,O,69.23076923076923
A,19,ASP,N,A,19,ASP,OD1,3.8461538461538463
A,30,LYS,NZ,B,1051,GLN,OE1,15.384615384615385
A,39,LYS,NZ,A,4,GLU,O,3.8461538461538463
A,43,GLN,NE2,A,117,GLU,OE2,15.384615384615385
A,49,LYS,NZ,B,1050,ASP,OD1,3.8461538461538463
A,51,LYS,NZ,B,1047,TYR,O,34.61538461538461
A,56,ASP,N,A,56,ASP,OD1,23.076923076923077
A,57,HIS,NE2,B,1054,GLU,OE1,11.538461538461538
A,57,HIS,NE2,B,1054,GLU,OE2,7.6923076923076925
A,59,ASN,ND2,A,61,SER,OG,3.8461538461538463
A,63,LEU,N,A,60,MET,O,30.76923076923077
A,65,LYS,NZ,A,62,GLU,OE1,7.6923076923076925
A,65,LYS,NZ,A,62,GLU,OE2,7.6923076923076925
A,68,ARG,NH1,A,77,GLN,O,7.6923076923076925
A,70,ARG,NH2,B,1050,ASP,OD1,61.53846153846154
A,76,ASN,N,A,74,ASN,OD1,23.076923076923077
A,76,ASN,ND2,A,74,ASN,OD1,15.384615384615385
A,84,ASN,ND2,A,102,GLU,O,80.76923076923077
A,93,THR,OG1,A,90,SER,O,65.38461538461539
A,103,LYS,N,A,99,TYR,O,61.53846153846154
A,104,ASP,N,A,108,PHE,O,96.15384615384616
A,107,GLY,N,A,104,ASP,O,76.92307692307693
A,115,SER,N,A,41,GLU,OE2,30.76923076923077
A,115,SER,OG,A,43,GLN,OE1,7.6923076923076925
A,117,GLU,N,A,115,SER,OG,80.76923076923077
A,118,THR,OG1,A,41,GLU,OE2,80.76923076923077
A,122,LYS,N,A,118,THR,O,7.6923076923076925
B,1044,GLY,N,B,1043,SER,OG,19.230769230769234
B,1051,GLN,N,B,1050,ASP,OD2,30.76923076923077
A,8,LYS,NZ,A,106,ASP,OD2,19.230769230769234
A,8,LYS,NZ,A,110,TYR,OH,7.6923076923076925
A,8,LYS,NZ,A,104,ASP,OD1,38.46153846153847
A,10,ARG,NE,A,5,LYS,O,15.384615384615385
A,10,ARG,NH1,B,1046,GLU,OE1,7.6923076923076925
A,11,ARG,N,A,8,LYS,O,61.53846153846154
A,15,GLN,N,A,12,THR,OG1,19.230769230769234
A,19,ASP,N,A,16,ARG,O,50.0
A,24,ARG,NE,A,20,VAL,O,7.6923076923076925
A,26,GLN,N,A,23,ILE,O,53.84615384615385
A,27,HIS,NE2,A,26,GLN,OE1,7.6923076923076925
A,35,ILE,N,A,50,THR,OG1,3.8461538461538463
A,37,ARG,NH2,A,4,GLU,OE2,3.8461538461538463
A,39,LYS,NZ,A,4,GLU,OE1,15.384615384615385
A,39,LYS,NZ,A,4,GLU,OE2,23.076923076923077
A,40,GLY,N,A,4,GLU,OE1,7.6923076923076925
A,40,GLY,N,A,4,GLU,OE2,11.538461538461538
A,41,GLU,N,A,4,GLU,OE1,3.8461538461538463
A,42,LYS,N,A,40,GLY,O,3.8461538461538463
A,43,GLN,NE2,A,41,GLU,OE2,3.8461538461538463
A,44,LEU,N,A,41,GLU,O,3.8461538461538463
A,48,ASP,N,A,48,ASP,OD2,42.30769230769231
A,51,LYS,NZ,B,1046,GLU,O,15.384615384615385
A,51,LYS,NZ,A,19,ASP,OD1,23.076923076923077
A,51,LYS,NZ,A,19,ASP,OD2,23.076923076923077
A,56,ASP,N,A,56,ASP,OD2,34.61538461538461
A,59,ASN,N,A,62,GLU,OE1,46.15384615384615
A,59,ASN,N,A,62,GLU,OE2,42.30769230769231
A,66,ILE,N,A,63,LEU,O,76.92307692307693
A,68,ARG,NE,A,73,LEU,O,11.538461538461538
A,69,ARG,NH1,B,1055,THR,OG1,3.8461538461538463
A,69,ARG,NH2,B,1055,THR,OG1,3.8461538461538463
A,70,ARG,NE,A,48,ASP,OD1,53.84615384615385
A,70,ARG,NE,A,48,ASP,OD2,65.38461538461539
A,70,ARG,NH1,B,1050,ASP,OD1,50.0
A,70,ARG,NH2,A,48,ASP,OD1,73.07692307692307
A,70,ARG,NH2,A,48,ASP,OD2,73.07692307692307
A,72,GLN,N,A,68,ARG,O,19.230769230769234
A,76,ASN,N,A,76,ASN,OD1,23.076923076923077
A,87,SER,OG,A,102,GLU,OE1,69.23076923076923
A,89,VAL,N,A,87,SER,O,19.230769230769234
A,92,SER,N,A,90,SER,OG,76.92307692307693
A,96,SER,OG,A,97,GLU,OE2,3.8461538461538463
A,99,TYR,N,A,96,SER,O,19.230769230769234
A,102,GLU,N,A,101,SER,OG,3.8461538461538463
A,103,LYS,NZ,A,99,TYR,O,11.538461538461538
A,115,SER,OG,A,117,GLU,OE2,11.538461538461538
A,116,GLN,N,A,78,ALA,O,34.61538461538461
A,117,GLU,N,A,117,GLU,OE2,7.6923076923076925
A,118,THR,N,A,115,SER,O,69.23076923076923
A,122,LYS,NZ,A,38,TYR,OH,3.8461538461538463
A,125,VAL,N,A,121,MET,O,3.8461538461538463
A,8,LYS,NZ,A,104,ASP,OD1,11.538461538461538
A,8,LYS,NZ,A,104,ASP,OD2,7.6923076923076925
A,9,GLN,NE2,A,3,SER,OG,3.8461538461538463
A,11,ARG,NH1,B,1046,GLU,OE2,3.8461538461538463
A,16,ARG,NH1,A,8,LYS,O,11.538461538461538
A,24,ARG,N,A,21,ARG,O,50.0
A,24,ARG,NE,A,25,GLU,OE2,3.8461538461538463
A,24,ARG,NH2,A,25,GLU,OE2,3.8461538461538463
A,43,GLN,NE2,A,115,SER,OG,3.8461538461538463
A,49,LYS,NZ,A,48,ASP,O,7.6923076923076925
A,50,THR,N,B,1045,VAL,O,15.384615384615385
A,51,LYS,NZ,B,1047,TYR,O,7.6923076923076925
A,51,LYS,NZ,A,19,ASP,OD1,15.384615384615385
A,59,ASN,N,A,59,ASN,OD1,7.6923076923076925
A,59,ASN,ND2,A,92,SER,O,15.384615384615385
A,86,HIS,N,A,84,ASN,O,3.8461538461538463
A,86,HIS,N,A,86,HIS,ND1,3.8461538461538463
A,87,SER,N,A,86,HIS,ND1,7.6923076923076925
A,87,SER,OG,A,102,GLU,OE2,65.38461538461539
A,93,THR,N,A,91,VAL,O,34.61538461538461
B,1045,VAL,N,B,1043,SER,OG,50.0
B,1046,GLU,N,B,1043,SER,OG,11.538461538461538
B,1047,TYR,N,B,1043,SER,O,34.61538461538461
B,1051,GLN,N,B,1050,ASP,OD1,34.61538461538461
B,1055,THR,OG1,A,62,GLU,OE2,3.8461538461538463
A,4,GLU,N,A,2,PRO,O,3.8461538461538463
A,8,LYS,NZ,A,105,GLU,OE1,11.538461538461538
A,8,LYS,NZ,A,105,GLU,OE2,7.6923076923076925
A,10,ARG,NH2,A,5,LYS,O,3.8461538461538463
A,11,ARG,NH1,A,19,ASP,OD1,38.46153846153847
A,11,ARG,NH2,A,19,ASP,OD1,26.923076923076923
A,21,ARG,NH1,A,18,GLU,OE1,15.384615384615385
A,21,ARG,NH1,A,18,GLU,OE2,15.384615384615385
A,21,ARG,NH2,A,18,GLU,OE1,15.384615384615385
A,21,ARG,NH2,A,18,GLU,OE2,15.384615384615385
A,26,GLN,NE2,A,22,LEU,O,23.076923076923077
A,49,LYS,NZ,A,48,ASP,O,7.6923076923076925
A,51,LYS,NZ,A,19,ASP,OD2,30.76923076923077
A,51,LYS,NZ,B,1047,TYR,O,7.6923076923076925
A,59,ASN,ND2,A,62,GLU,OE2,53.84615384615385
A,74,ASN,N,A,74,ASN,OD1,3.8461538461538463
A,77,GLN,NE2,A,78,ALA,O,7.6923076923076925
A,96,SER,OG,A,56,ASP,OD2,3.8461538461538463
A,98,VAL,N,A,95,ILE,O,38.46153846153847
A,101,SER,OG,A,102,GLU,OE2,26.923076923076923
A,106,ASP,N,A,104,ASP,OD2,34.61538461538461
A,110,TYR,N,A,108,PHE,O,3.8461538461538463
A,116,GLN,N,A,115,SER,OG,7.6923076923076925
A,119,PHE,N,A,116,GLN,O,38.46153846153847
B,1046,GLU,N,B,1043,SER,O,38.46153846153847
B,1053,ASN,ND2,B,1051,GLN,NE2,3.8461538461538463
B,1055,THR,OG1,B,1053,ASN,O,3.8461538461538463
A,4,GLU,N,A,4,GLU,OE1,11.538461538461538
A,8,LYS,NZ,A,104,ASP,OD2,42.30769230769231
A,10,ARG,NE,B,1046,GLU,OE1,11.538461538461538
A,10,ARG,NE,B,1046,GLU,OE2,19.230769230769234
A,10,ARG,NH2,B,1046,GLU,OE2,19.230769230769234
A,11,ARG,NH2,A,15,GLN,OE1,23.076923076923077
A,21,ARG,NE,A,18,GLU,OE1,11.538461538461538
A,21,ARG,NE,A,18,GLU,OE2,11.538461538461538
A,21,ARG,NH2,A,18,GLU,OE1,11.538461538461538
A,21,ARG,NH2,A,18,GLU,OE2,11.538461538461538
A,23,ILE,N,A,20,VAL,O,34.61538461538461
A,29,THR,OG1,A,56,ASP,OD2,3.8461538461538463
A,30,LYS,NZ,A,27,HIS,ND1,19.230769230769234
A,49,LYS,NZ,A,48,ASP,OD1,19.230769230769234
A,65,LYS,NZ,A,62,GLU,OE1,3.8461538461538463
A,65,LYS,NZ,A,61,SER,O,11.538461538461538
A,69,ARG,NH1,B,1055,THR,O,46.15384615384615
A,69,ARG,NH2,B,1054,GLU,OE2,26.923076923076923
A,69,ARG,NH2,B,1055,THR,O,50.0
A,70,ARG,N,A,67,ILE,O,38.46153846153847
A,90,SER,N,A,93,THR,OG1,15.384615384615385
A,90,SER,OG,A,92,SER,OG,11.538461538461538
A,96,SER,OG,A,56,ASP,O,15.384615384615385
A,101,SER,OG,A,102,GLU,OE1,30.76923076923077
A,106,ASP,N,A,104,ASP,OD1,7.6923076923076925
A,107,GLY,N,A,105,GLU,O,7.6923076923076925
A,115,SER,OG,A,118,THR,OG1,11.538461538461538
A,122,LYS,NZ,A,120,GLY,O,3.8461538461538463
A,123,LEU,N,A,121,MET,O,7.6923076923076925
B,1044,GLY,N,B,1042,ASN,OD1,7.6923076923076925
B,1045,VAL,N,B,1042,ASN,O,3.8461538461538463
B,1049,TRP,NE1,A,19,ASP,OD1,34.61538461538461
B,1051,GLN,NE2,A,27,HIS,NE2,3.8461538461538463
B,1053,ASN,ND2,B,1051,GLN,OE1,7.6923076923076925
A,5,LYS,N,A,3,SER,OG,42.30769230769231
A,10,ARG,NH1,B,1046,GLU,OE2,26.923076923076923
A,10,ARG,NH2,B,1046,GLU,OE1,38.46153846153847
A,10,ARG,NH2,B,1046,GLU,OE2,42.30769230769231
A,11,ARG,NE,A,15,GLN,OE1,19.230769230769234
A,11,ARG,NH1,A,19,ASP,OD2,46.15384615384615
A,11,ARG,NH2,A,19,ASP,OD2,38.46153846153847
A,16,ARG,NH1,A,8,LYS,O,11.538461538461538
A,49,LYS,NZ,A,48,ASP,OD2,7.6923076923076925
A,51,LYS,N,B,1048,TYR,O,3.8461538461538463
A,69,ARG,NE,B,1054,GLU,OE2,23.076923076923077
A,103,LYS,NZ,A,100,GLU,O,3.8461538461538463
A,103,LYS,NZ,A,99,TYR,O,3.8461538461538463
A,120,GLY,N,A,115,SER,O,7.6923076923076925
A,121,MET,N,A,116,GLN,O,53.84615384615385
B,1048,TYR,N,B,1045,VAL,O,42.30769230769231
B,1049,TRP,NE1,A,19,ASP,OD2,19.230769230769234
B,1053,ASN,N,B,1051,GLN,O,50.0
B,1053,ASN,ND2,B,1051,GLN,OE1,46.15384615384615
B,1053,ASN,ND2,B,1051,GLN,NE2,7.6923076923076925
A,1,MET,N,B,1041,LEU,O,3.8461538461538463
A,1,MET,N,B,1042,ASN,O,3.8461538461538463
A,10,ARG,NH1,B,1046,GLU,OE1,34.61538461538461
A,39,LYS,NZ,A,4,GLU,O,3.8461538461538463
A,42,LYS,NZ,A,117,GLU,OE2,7.6923076923076925
A,49,LYS,NZ,B,1050,ASP,OD2,7.6923076923076925
A,59,ASN,ND2,A,62,GLU,OE1,34.61538461538461
A,77,GLN,N,A,74,ASN,OD1,7.6923076923076925
A,77,GLN,NE2,A,43,GLN,OE1,15.384615384615385
A,123,LEU,N,A,121,MET,SD,7.6923076923076925
B,1042,ASN,N,B,1042,ASN,OD1,7.6923076923076925
B,1046,GLU,N,B,1044,GLY,O,3.8461538461538463
A,5,LYS,N,A,4,GLU,OE1,7.6923076923076925
A,8,LYS,NZ,A,105,GLU,OE2,3.8461538461538463
A,30,LYS,NZ,A,29,THR,OG1,3.8461538461538463
A,39,LYS,NZ,A,2,PRO,O,3.8461538461538463
A,50,THR,OG1,B,1045,VAL,O,7.6923076923076925
A,51,LYS,NZ,A,19,ASP,OD2,11.538461538461538
A,54,VAL,N,A,52,PHE,O,3.8461538461538463
A,57,HIS,N,A,56,ASP,OD1,3.8461538461538463
A,74,ASN,ND2,A,77,GLN,OE1,7.6923076923076925
A,77,GLN,N,A,77,GLN,OE1,3.8461538461538463
A,84,ASN,ND2,A,102,GLU,OE1,7.6923076923076925
A,103,LYS,NZ,A,100,GLU,O,3.8461538461538463
A,118,THR,N,A,41,GLU,OE1,3.8461538461538463
B,1051,GLN,NE2,B,1053,ASN,OD1,11.538461538461538
B,1053,ASN,ND2,B,1053,ASN,O,3.8461538461538463
A,24,ARG,NH2,A,99,TYR,OH,11.538461538461538
A,30,LYS,NZ,A,27,HIS,ND1,15.384615384615385
A,50,THR,OG1,B,1046,GLU,OE2,3.8461538461538463
A,69,ARG,NE,B,1054,GLU,OE1,7.6923076923076925
A,69,ARG,NH2,B,1054,GLU,OE1,19.230769230769234
A,82,LEU,N,A,80,PHE,O,3.8461538461538463
A,103,LYS,NZ,A,99,TYR,O,7.6923076923076925
A,103,LYS,NZ,A,100,GLU,O,3.8461538461538463
A,6,THR,N,A,4,GLU,O,7.6923076923076925
A,17,VAL,N,A,14,GLU,O,7.6923076923076925
A,30,LYS,NZ,A,27,HIS,ND1,15.384615384615385
A,37,ARG,NH1,A,45,PRO,O,3.8461538461538463
A,42,LYS,NZ,A,117,GLU,OE1,3.8461538461538463
A,97,GLU,N,A,96,SER,OG,3.8461538461538463
A,116,GLN,NE2,A,120,GLY,O,3.8461538461538463
A,125,VAL,N,A,122,LYS,O,11.538461538461538
B,1055,THR,OG1,B,1055,THR,O,3.8461538461538463
A,6,THR,N,A,4,GLU,OE1,3.8461538461538463
A,10,ARG,NE,B,1042,ASN,OD1,7.6923076923076925
A,10,ARG,NH2,B,1042,ASN,OD1,15.384615384615385
A,27,HIS,NE2,B,1051,GLN,NE2,7.6923076923076925
A,39,LYS,NZ,A,4,GLU,OE1,3.8461538461538463
A,49,LYS,NZ,A,48,ASP,OD2,7.6923076923076925
A,85,GLY,N,A,83,VAL,O,7.6923076923076925
B,1041,LEU,N,B,1046,GLU,OE2,15.384615384615385
B,1042,ASN,N,B,1046,GLU,OE2,19.230769230769234
B,1043,SER,N,B,1046,GLU,OE2,15.384615384615385
B,1054,GLU,N,B,1052,LEU,O,7.6923076923076925
A,9,GLN,NE2,A,4,GLU,OE2,3.8461538461538463
A,20,VAL,N,A,17,VAL,O,23.076923076923077
A,27,HIS,N,A,24,ARG,O,11.538461538461538
A,44,LEU,N,A,42,LYS,O,3.8461538461538463
A,50,THR,OG1,A,48,ASP,O,3.8461538461538463
A,110,TYR,N,A,84,ASN,OD1,11.538461538461538
A,124,SER,OG,A,117,GLU,OE2,7.6923076923076925
B,1053,ASN,N,B,1053,ASN,OD1,3.8461538461538463
A,1,MET,N,A,1,MET,SD,3.8461538461538463
A,8,LYS,NZ,A,105,GLU,OE1,3.8461538461538463
A,29,THR,OG1,A,56,ASP,OD1,3.8461538461538463
A,39,LYS,NZ,A,4,GLU,OE2,3.8461538461538463
A,84,ASN,ND2,A,102,GLU,OE2,7.6923076923076925
A,108,PHE,N,A,106,ASP,OD1,23.076923076923077
A,122,LYS,N,A,116,GLN,O,3.8461538461538463
A,124,SER,OG,A,117,GLU,OE1,3.8461538461538463
A,14,GLU,N,A,12,THR,OG1,23.076923076923077
A,24,ARG,NH2,A,20,VAL,O,3.8461538461538463
A,49,LYS,NZ,A,48,ASP,OD1,3.8461538461538463
A,51,LYS,NZ,B,1046,GLU,O,11.538461538461538
A,115,SER,OG,A,117,GLU,OE1,3.8461538461538463
A,116,GLN,NE2,A,121,MET,SD,3.8461538461538463
A,122,LYS,N,A,120,GLY,O,7.6923076923076925
B,1047,TYR,OH,B,1041,LEU,O,3.8461538461538463
A,5,LYS,NZ,A,9,GLN,NE2,3.8461538461538463
A,8,LYS,NZ,A,106,ASP,OD1,11.538461538461538
A,49,LYS,NZ,B,1050,ASP,OD1,3.8461538461538463
A,49,LYS,NZ,B,1050,ASP,OD2,3.8461538461538463
A,57,HIS,N,A,56,ASP,OD2,3.8461538461538463
A,105,GLU,N,A,105,GLU,OE1,3.8461538461538463
A,105,GLU,N,A,105,GLU,OE2,3.8461538461538463
A,116,GLN,NE2,A,121,MET,O,19.230769230769234
B,1041,LEU,N,B,1043,SER,O,7.6923076923076925
A,11,ARG,NH2,A,15,GLN,NE2,3.8461538461538463
A,30,LYS,N,A,28,PRO,O,7.6923076923076925
A,67,ILE,N,A,64,ILE,O,11.538461538461538
A,78,ALA,N,A,76,ASN,O,7.6923076923076925
B,1055,THR,N,B,1052,LEU,O,3.8461538461538463
B,1055,THR,OG1,B,1052,LEU,O,3.8461538461538463
A,13,PHE,N,A,12,THR,OG1,11.538461538461538
A,16,ARG,NE,A,110,TYR,OH,15.384615384615385
A,89,VAL,N,A,81,LEU,O,3.8461538461538463
A,116,GLN,NE2,A,123,LEU,O,7.6923076923076925
A,116,GLN,NE2,A,122,LYS,O,3.8461538461538463
A,125,VAL,N,A,79,PHE,O,3.8461538461538463
B,1041,LEU,N,B,1046,GLU,O,3.8461538461538463
A,61,SER,OG,A,91,VAL,O,3.8461538461538463
A,68,ARG,NH2,A,73,LEU,O,3.8461538461538463
A,69,ARG,NH1,B,1054,GLU,OE2,15.384615384615385
A,107,GLY,N,A,106,ASP,OD1,7.6923076923076925
A,116,GLN,NE2,A,124,SER,OG,3.8461538461538463
A,124,SER,N,A,116,GLN,OE1,3.8461538461538463
A,125,VAL,N,A,116,GLN,OE1,3.8461538461538463
B,1055,THR,N,B,1054,GLU,OE2,3.8461538461538463
A,15,GLN,NE2,A,18,GLU,OE1,3.8461538461538463
A,15,GLN,NE2,A,18,GLU,OE2,3.8461538461538463
A,38,TYR,OH,A,118,THR,O,3.8461538461538463
A,79,PHE,N,A,116,GLN,NE2,3.8461538461538463
A,87,SER,OG,A,86,HIS,ND1,3.8461538461538463
A,89,VAL,N,A,88,MET,SD,3.8461538461538463
A,116,GLN,N,A,116,GLN,OE1,3.8461538461538463
B,1043,SER,OG,B,1046,GLU,OE2,3.8461538461538463
A,1,MET,N,B,1043,SER,OG,3.8461538461538463
A,4,GLU,N,A,4,GLU,OE2,7.6923076923076925
A,5,LYS,NZ,A,9,GLN,OE1,3.8461538461538463
A,10,ARG,NH1,A,5,LYS,O,7.6923076923076925
A,10,ARG,NH2,A,1,MET,O,3.8461538461538463
A,16,ARG,NH1,A,12,THR,O,3.8461538461538463
A,69,ARG,NH1,B,1054,GLU,OE1,11.538461538461538
A,74,ASN,ND2,A,76,ASN,OD1,3.8461538461538463
A,84,ASN,ND2,A,87,SER,OG,3.8461538461538463
A,115,SER,OG,A,78,ALA,O,7.6923076923076925
A,122,LYS,NZ,A,124,SER,O,3.8461538461538463
A,5,LYS,N,A,2,PRO,O,7.6923076923076925
A,11,ARG,NE,B,1046,GLU,OE1,3.8461538461538463
A,37,ARG,NE,A,38,TYR,O,7.6923076923076925
A,65,LYS,NZ,A,61,SER,O,3.8461538461538463
A,72,GLN,NE2,A,71,LEU,O,3.8461538461538463
A,122,LYS,NZ,A,117,GLU,OE2,3.8461538461538463
B,1044,GLY,N,B,1041,LEU,O,3.8461538461538463
A,42,LYS,N,A,41,GLU,OE1,15.384615384615385
A,43,GLN,N,A,41,GLU,OE1,15.384615384615385
A,44,LEU,N,A,41,GLU,OE1,15.384615384615385
A,125,VAL,N,A,123,LEU,O,3.8461538461538463
B,1047,TYR,OH,B,1046,GLU,OE1,3.8461538461538463
A,3,SER,N,B,1046,GLU,OE1,3.8461538461538463
A,5,LYS,N,A,4,GLU,OE2,3.8461538461538463
A,5,LYS,NZ,A,4,GLU,OE1,3.8461538461538463
A,5,LYS,NZ,A,4,GLU,OE2,3.8461538461538463
A,10,ARG,NH2,B,1043,SER,OG,3.8461538461538463
A,11,ARG,NH1,A,15,GLN,OE1,3.8461538461538463
A,37,ARG,NH1,A,42,LYS,O,3.8461538461538463
A,49,LYS,NZ,B,1045,VAL,O,3.8461538461538463
A,78,ALA,N,A,77,GLN,NE2,3.8461538461538463
A,79,PHE,N,A,77,GLN,O,3.8461538461538463
A,84,ASN,ND2,A,86,HIS,NE2,3.8461538461538463
A,107,GLY,N,A,108,PHE,O,3.8461538461538463
A,108,PHE,N,A,106,ASP,O,3.8461538461538463
A,122,LYS,NZ,A,120,GLY,O,3.8461538461538463
B,1044,GLY,N,B,1046,GLU,OE2,3.8461538461538463
A,3,SER,OG,B,1046,GLU,OE1,3.8461538461538463
A,3,SER,OG,B,1046,GLU,OE2,3.8461538461538463
A,10,ARG,NH1,A,4,GLU,OE1,3.8461538461538463
A,10,ARG,NH2,A,4,GLU,OE1,3.8461538461538463
A,75,ALA,N,A,74,ASN,OD1,3.8461538461538463
B,1041,LEU,N,A,4,GLU,OE2,3.8461538461538463
B,1042,ASN,ND2,B,1046,GLU,OE2,3.8461538461538463
B,1042,ASN,ND2,B,1047,TYR,OH,3.8461538461538463
A,6,THR,N,A,9,GLN,NE2,3.8461538461538463
A,10,ARG,NH2,B,1046,GLU,OE1,3.8461538461538463
A,12,THR,N,A,10,ARG,O,3.8461538461538463
A,49,LYS,NZ,B,1048,TYR,O,3.8461538461538463
A,84,ASN,ND2,A,104,ASP,OD1,3.8461538461538463
A,91,VAL,N,A,124,SER,O,3.8461538461538463
A,124,SER,N,A,88,MET,SD,3.8461538461538463
