node,name,hubs,degree,betweenness,closeness,eigenvector,current_flow_betweenness_1,current_flow_betweenness_2,current_flow_betweenness_3,current_flow_betweenness_4,current_flow_betweenness_5,current_flow_betweenness_6,current_flow_betweenness_7,current_flow_closeness_1,current_flow_closeness_2,current_flow_closeness_3,current_flow_closeness_4,current_flow_closeness_5,current_flow_closeness_6,current_flow_closeness_7
SYSTEM2,VAL,0,0.0,0.0,0.0,-4.1061645556710336e-18,0.0,0.0,0.0,0.0,0.0,0.0,0.0,0.0,0.0,0.0,0.0,0.0,0.0,0.0
SYSTEM3,ASN,0,0.006172839506172839,0.0,0.01286008230452675,-1.2810549134261496e-16,0.0,0.0,0.0,0.0,0.0,0.0,0.0,0.0,0.0,0.0,0.08333333333333336,0.0,0.0,0.0
SYSTEM4,PRO,0,0.012345679012345678,4.0,0.01763668430335097,1.7682613481967878e-16,0.0,0.0,6.250000000000021,0.0,0.0,0.0,0.0,0.0,0.0,0.031496062992125984,0.0,0.0,0.0,0.0
SYSTEM5,THR,0,0.012345679012345678,4.0,0.015432098765432098,3.136510213759604e-18,0.0,0.0,0.0,3.999999999999999,0.0,0.0,0.0,0.0,0.0,0.0,0.10000000000000003,0.0,0.0,0.0
SYSTEM6,VAL,0,0.012345679012345678,24.0,0.024691358024691357,1.9559385274542928e-16,0.0,0.0,24.00000000000003,0.0,0.0,0.0,0.0,0.0,0.0,0.0425531914893617,0.0,0.0,0.0,0.0
SYSTEM7,PHE,0,0.006172839506172839,0.0,0.008230452674897118,4.526025710260728e-17,0.0,0.0,0.0,0.0,0.0,0.0,0.0,0.0,0.0,0.0,0.0,0.3333333333333333,0.0,0.0
SYSTEM8,PHE,0,0.012345679012345678,16.0,0.019290123456790122,1.1912163579750803e-16,0.0,0.0,16.000000000000018,0.0,0.0,0.0,0.0,0.0,0.0,0.032786885245901634,0.0,0.0,0.0,0.0
SYSTEM9,ASP,0,0.006172839506172839,0.0,0.008230452674897118,4.6335255563037357e-17,0.0,0.0,0.0,0.0,0.0,0.0,0.0,0.0,0.0,0.0,0.0,0.3333333333333333,0.0,0.0
SYSTEM10,ILE,0,0.006172839506172839,0.0,0.04231129864041257,0.00020236059823972377,0.0,0.0,0.0,0.0,0.0,0.0,0.0,0.002459945166028777,0.0,0.0,0.0,0.0,0.0,0.0
SYSTEM11,ALA,0,0.012345679012345678,1.0,0.012345679012345678,8.979917761671424e-17,0.0,0.0,0.0,0.0,0.0,1.0,0.0,0.0,0.0,0.0,0.0,0.0,0.5,0.0
SYSTEM12,VAL,4,0.024691358024691357,356.0,0.0405982905982906,0.00026150001319204345,327.0000000000001,0.0,0.0,0.0,0.0,0.0,0.0,0.002425234223744055,0.0,0.0,0.0,0.0,0.0,0.0
SYSTEM13,ASP,3,0.018518518518518517,164.0,0.03700287002870029,0.00013575460467642444,204.09090909090997,0.0,0.0,0.0,0.0,0.0,0.0,0.0022794883153996657,0.0,0.0,0.0,0.0,0.0,0.0
SYSTEM14,GLY,0,0.0,0.0,0.0,1.068621496398014e-17,0.0,0.0,0.0,0.0,0.0,0.0,0.0,0.0,0.0,0.0,0.0,0.0,0.0,0.0
SYSTEM15,GLU,0,0.0,0.0,0.0,1.7559732648067683e-17,0.0,0.0,0.0,0.0,0.0,0.0,0.0,0.0,0.0,0.0,0.0,0.0,0.0,0.0
SYSTEM16,PRO,0,0.006172839506172839,0.0,0.008230452674897118,8.175688437442083e-17,0.0,0.0,0.0,0.0,0.0,0.0,0.0,0.0,0.0,0.0,0.0,0.0,0.3333333333333333,0.0
SYSTEM17,LEU,0,0.012345679012345678,110.0,0.03673178673178673,9.349856522782871e-05,110.0,0.0,0.0,0.0,0.0,0.0,0.0,0.0021536346623395887,0.0,0.0,0.0,0.0,0.0,0.0
SYSTEM18,GLY,0,0.0,0.0,0.0,7.615792717866445e-18,0.0,0.0,0.0,0.0,0.0,0.0,0.0,0.0,0.0,0.0,0.0,0.0,0.0,0.0
SYSTEM19,ARG,0,0.012345679012345678,1.0,0.012345679012345678,4.17506823649309e-17,0.0,0.0,0.0,0.0,1.0,0.0,0.0,0.0,0.0,0.0,0.0,0.5,0.0,0.0
SYSTEM20,VAL,0,0.0,0.0,0.0,-3.4265826152954926e-19,0.0,0.0,0.0,0.0,0.0,0.0,0.0,0.0,0.0,0.0,0.0,0.0,0.0,0.0
SYSTEM21,SER,0,0.006172839506172839,0.0,0.006172839506172839,7.207792421062698e-18,0.0,0.0,0.0,0.0,0.0,0.0,0.0,0.0,0.0,0.0,0.0,0.0,0.0,0.0
SYSTEM22,PHE,0,0.012345679012345678,800.0,0.05391278375149343,0.011252973190251757,799.999999999999,0.0,0.0,0.0,0.0,0.0,0.0,0.0032731817845911546,0.0,0.0,0.0,0.0,0.0,0.0
SYSTEM23,GLU,3,0.018518518518518517,7.0,0.019290123456790122,-2.359564253853561e-16,0.0,0.0,0.0,6.999999999999998,0.0,0.0,0.0,0.0,0.0,0.0,0.12500000000000003,0.0,0.0,0.0
SYSTEM24,LEU,3,0.018518518518518517,21.5,0.02204585537918871,2.389190080459851e-16,0.0,0.0,22.00000000000002,0.0,0.0,0.0,0.0,0.0,0.0,0.037735849056603765,0.0,0.0,0.0,0.0
SYSTEM25,PHE,0,0.006172839506172839,0.0,0.02774309890414759,8.230933317317721e-17,0.0,0.0,0.0,0.0,0.0,0.0,0.0,0.0,0.013320809495346258,0.0,0.0,0.0,0.0,0.0
SYSTEM26,ALA,0,0.012345679012345678,0.5,0.01469723691945914,2.0599030253408305e-16,0.0,0.0,4.500000000000007,0.0,0.0,0.0,0.0,0.0,0.0,0.029850746268656716,0.0,0.0,0.0,0.0
SYSTEM27,ASP,0,0.0,0.0,0.0,-5.219851164176219e-18,0.0,0.0,0.0,0.0,0.0,0.0,0.0,0.0,0.0,0.0,0.0,0.0,0.0,0.0
SYSTEM28,LYS,0,0.0,0.0,0.0,-1.3121039426973914e-18,0.0,0.0,0.0,0.0,0.0,0.0,0.0,0.0,0.0,0.0,0.0,0.0,0.0,0.0
SYSTEM29,VAL,3,0.018518518518518517,16.666666666666664,0.05116213151927437,0.20938222077372945,206.01320132013183,0.0,0.0,0.0,0.0,0.0,0.0,0.0031713310908194205,0.0,0.0,0.0,0.0,0.0,0.0
SYSTEM30,PRO,0,0.0,0.0,0.0,6.522507029134835e-18,0.0,0.0,0.0,0.0,0.0,0.0,0.0,0.0,0.0,0.0,0.0,0.0,0.0,0.0
SYSTEM31,LYS,3,0.018518518518518517,518.6666666666667,0.05236437481868291,0.2289189297524697,508.4900990099013,0.0,0.0,0.0,0.0,0.0,0.0,0.0031905659569101226,0.0,0.0,0.0,0.0,0.0,0.0
SYSTEM32,THR,5,0.030864197530864196,874.3333333333334,0.05570987654320988,0.24452771203958623,919.2689768976916,0.0,0.0,0.0,0.0,0.0,0.0,0.003407002652872379,0.0,0.0,0.0,0.0,0.0,0.0
SYSTEM33,ALA,0,0.012345679012345678,4.0,0.01763668430335097,1.8058123890014302e-16,0.0,0.0,6.250000000000009,0.0,0.0,0.0,0.0,0.0,0.0,0.031496062992125984,0.0,0.0,0.0,0.0
SYSTEM34,GLU,0,0.012345679012345678,0.0,0.037417081260364846,0.19241528455907347,44.00000000000036,0.0,0.0,0.0,0.0,0.0,0.0,0.002494453806857962,0.0,0.0,0.0,0.0,0.0,0.0
SYSTEM35,ASN,4,0.024691358024691357,201.5,0.046317680266871955,0.2939527801972534,450.55775577557756,0.0,0.0,0.0,0.0,0.0,0.0,0.003059416989677792,0.0,0.0,0.0,0.0,0.0,0.0
SYSTEM36,PHE,0,0.006172839506172839,0.0,0.018705574261129815,1.2084962327274655e-16,0.0,0.0,0.0,0.0,0.0,0.0,0.0,0.0,0.0,0.031746031746031744,0.0,0.0,0.0,0.0
SYSTEM37,ARG,4,0.024691358024691357,83.5,0.0375572201414898,0.2412496081376108,120.00000000000051,0.0,0.0,0.0,0.0,0.0,0.0,0.002533521364756958,0.0,0.0,0.0,0.0,0.0,0.0
SYSTEM38,ALA,5,0.030864197530864196,262.0,0.041522889348976307,0.3648373154476583,280.7272727272733,0.0,0.0,0.0,0.0,0.0,0.0,0.002725617306729472,0.0,0.0,0.0,0.0,0.0,0.0
SYSTEM39,LEU,0,0.012345679012345678,56.0,0.04118183892311202,0.10378155774226885,56.0,0.0,0.0,0.0,0.0,0.0,0.0,0.0026256390541948655,0.0,0.0,0.0,0.0,0.0,0.0
SYSTEM40,SER,3,0.018518518518518517,29.0,0.0257201646090535,1.5672596523531203e-16,0.0,0.0,29.00000000000003,0.0,0.0,0.0,0.0,0.0,0.0,0.044444444444444446,0.0,0.0,0.0,0.0
SYSTEM41,THR,0,0.012345679012345678,1.0,0.03410808767951625,0.12606719761724955,40.00000000000018,0.0,0.0,0.0,0.0,0.0,0.0,0.0024092253162379318,0.0,0.0,0.0,0.0,0.0,0.0
SYSTEM42,GLY,0,0.0,0.0,0.0,-5.397303174468931e-18,0.0,0.0,0.0,0.0,0.0,0.0,0.0,0.0,0.0,0.0,0.0,0.0,0.0,0.0
SYSTEM43,GLU,0,0.012345679012345678,26.5,0.037347403269190976,0.15584815955764228,49.272727272727494,0.0,0.0,0.0,0.0,0.0,0.0,0.0024642774955384475,0.0,0.0,0.0,0.0,0.0,0.0
SYSTEM44,LYS,0,0.012345679012345678,0.0,0.04109744990892532,0.22278220208183577,102.00000000000006,0.0,0.0,0.0,0.0,0.0,0.0,0.0027010769663088734,0.0,0.0,0.0,0.0,0.0,0.0
SYSTEM45,GLY,0,0.0,0.0,0.0,-9.148072889983767e-18,0.0,0.0,0.0,0.0,0.0,0.0,0.0,0.0,0.0,0.0,0.0,0.0,0.0,0.0
SYSTEM46,PHE,0,0.006172839506172839,0.0,0.006172839506172839,-1.7084204119829146e-16,0.0,0.0,0.0,0.0,0.0,0.0,0.0,0.0,0.0,0.0,0.0,0.0,0.0,0.0
SYSTEM47,GLY,0,0.0,0.0,0.0,-1.2852255875231227e-17,0.0,0.0,0.0,0.0,0.0,0.0,0.0,0.0,0.0,0.0,0.0,0.0,0.0,0.0
SYSTEM48,TYR,0,0.006172839506172839,0.0,0.03693472478002865,0.03294767992491293,0.0,0.0,0.0,0.0,0.0,0.0,0.0,0.0022890646341402667,0.0,0.0,0.0,0.0,0.0,0.0
SYSTEM49,LYS,0,0.006172839506172839,0.0,0.006172839506172839,-4.679158981178654e-17,0.0,0.0,0.0,0.0,0.0,0.0,0.0,0.0,0.0,0.0,0.0,0.0,0.0,0.0
SYSTEM50,GLY,0,0.0,0.0,0.0,3.2159442947459427e-18,0.0,0.0,0.0,0.0,0.0,0.0,0.0,0.0,0.0,0.0,0.0,0.0,0.0,0.0
SYSTEM51,SER,0,0.006172839506172839,0.0,0.01286008230452675,5.727705055196593e-17,0.0,0.0,-8.881784197001252e-16,0.0,0.0,0.0,0.0,0.0,0.0,0.021505376344086023,0.0,0.0,0.0,0.0
SYSTEM52,CYS,0,0.012345679012345678,56.0,0.03094993141289438,1.713682705249778e-05,56.0000000000001,0.0,0.0,0.0,0.0,0.0,0.0,0.0018358899969746134,0.0,0.0,0.0,0.0,0.0,0.0
SYSTEM53,PHE,0,0.006172839506172839,0.0,0.04231129864041257,0.00020236059823971786,0.0,0.0,0.0,0.0,0.0,0.0,0.0,0.002459945166028777,0.0,0.0,0.0,0.0,0.0,0.0
SYSTEM54,HIS,0,0.006172839506172839,0.0,0.024691358024691357,3.213803426755581e-16,0.0,0.0,0.0,0.0,0.0,0.0,0.0,0.0,0.013216978734220114,0.0,0.0,0.0,0.0,0.0
SYSTEM55,ARG,0,0.006172839506172839,0.0,0.024691358024691357,3.397209951112818e-16,0.0,0.0,0.0,0.0,0.0,0.0,0.0,0.0,0.013216978734220114,0.0,0.0,0.0,0.0,0.0
SYSTEM56,ILE,0,0.012345679012345678,56.0,0.03901859057501081,0.00014941775979071767,56.0,0.0,0.0,0.0,0.0,0.0,0.0,0.002389411316224757,0.0,0.0,0.0,0.0,0.0,0.0
SYSTEM57,ILE,0,0.0,0.0,0.0,5.934082672274749e-18,0.0,0.0,0.0,0.0,0.0,0.0,0.0,0.0,0.0,0.0,0.0,0.0,0.0,0.0
SYSTEM58,PRO,0,0.012345679012345678,56.0,0.032557720057720056,1.9132280789029586e-05,55.99999999999996,0.0,0.0,0.0,0.0,0.0,0.0,0.0019211811373213684,0.0,0.0,0.0,0.0,0.0,0.0
SYSTEM59,GLY,0,0.0,0.0,0.0,5.798758103503175e-18,0.0,0.0,0.0,0.0,0.0,0.0,0.0,0.0,0.0,0.0,0.0,0.0,0.0,0.0
SYSTEM60,PHE,0,0.006172839506172839,0.0,0.028380871292748685,2.8175522420309596e-16,0.0,-4.440892098500626e-16,0.0,0.0,0.0,0.0,0.0,0.0,0.013715491471777738,0.0,0.0,0.0,0.0,0.0
SYSTEM61,MET,3,0.018518518518518517,41.5,0.03631082062454612,7.69874183253841e-16,0.0,46.0,0.0,0.0,0.0,0.0,0.0,0.0,0.018549346016646845,0.0,0.0,0.0,0.0,0.0
SYSTEM62,CYS,4,0.024691358024691357,321.0,0.043599033816425124,0.00042321359263439,456.0000000000002,0.0,0.0,0.0,0.0,0.0,0.0,0.0027433854306314733,0.0,0.0,0.0,0.0,0.0,0.0
SYSTEM63,GLN,4,0.024691358024691357,38.0,0.030483158055174514,8.610761121005114e-16,0.0,49.25,0.0,0.0,0.0,0.0,0.0,0.0,0.01764905532300033,0.0,0.0,0.0,0.0,0.0
SYSTEM64,GLY,0,0.0,0.0,0.0,7.739064497747474e-18,0.0,0.0,0.0,0.0,0.0,0.0,0.0,0.0,0.0,0.0,0.0,0.0,0.0,0.0
SYSTEM65,GLY,0,0.0,0.0,0.0,4.328269682186491e-18,0.0,0.0,0.0,0.0,0.0,0.0,0.0,0.0,0.0,0.0,0.0,0.0,0.0,0.0
SYSTEM66,ASP,0,0.0,0.0,0.0,8.142730949739334e-18,0.0,0.0,0.0,0.0,0.0,0.0,0.0,0.0,0.0,0.0,0.0,0.0,0.0,0.0
SYSTEM67,PHE,0,0.012345679012345678,56.0,0.037277984304006605,0.030154905249209715,56.0,0.0,0.0,0.0,0.0,0.0,0.0,0.002301811079183721,0.0,0.0,0.0,0.0,0.0,0.0
SYSTEM68,THR,0,0.006172839506172839,0.0,0.03376356154133932,0.009573321001640558,0.0,0.0,0.0,0.0,0.0,0.0,0.0,0.0020389832429285252,0.0,0.0,0.0,0.0,0.0,0.0
SYSTEM69,ARG,0,0.006172839506172839,0.0,0.008230452674897118,2.9491089611203944e-17,0.0,0.0,0.0,0.0,0.0,0.0,0.0,0.0,0.0,0.0,0.0,0.0,0.0,0.3333333333333333
SYSTEM70,HIS,0,0.0,0.0,0.0,-7.24409331257876e-18,0.0,0.0,0.0,0.0,0.0,0.0,0.0,0.0,0.0,0.0,0.0,0.0,0.0,0.0
SYSTEM71,ASN,0,0.006172839506172839,0.0,0.008230452674897118,2.999271379863482e-17,0.0,0.0,0.0,0.0,0.0,0.0,0.0,0.0,0.0,0.0,0.0,0.0,0.0,0.3333333333333333
SYSTEM72,GLY,0,0.0,0.0,0.0,-5.921433453776254e-18,0.0,0.0,0.0,0.0,0.0,0.0,0.0,0.0,0.0,0.0,0.0,0.0,0.0,0.0
SYSTEM73,THR,0,0.012345679012345678,1.0,0.012345679012345678,4.5316486768962507e-17,0.0,0.0,0.0,0.0,0.0,0.0,1.0,0.0,0.0,0.0,0.0,0.0,0.0,0.5
SYSTEM74,GLY,0,0.0,0.0,0.0,1.5896495265862882e-17,0.0,0.0,0.0,0.0,0.0,0.0,0.0,0.0,0.0,0.0,0.0,0.0,0.0,0.0
SYSTEM75,GLY,0,0.0,0.0,0.0,4.516208482607092e-18,0.0,0.0,0.0,0.0,0.0,0.0,0.0,0.0,0.0,0.0,0.0,0.0,0.0,0.0
SYSTEM76,LYS,0,0.006172839506172839,0.0,0.006172839506172839,-1.566102116226866e-16,0.0,0.0,0.0,0.0,0.0,0.0,0.0,0.0,0.0,0.0,0.0,0.0,0.0,0.0
SYSTEM77,SER,3,0.018518518518518517,306.0,0.04578893962455606,0.20834272124107983,400.2013201320152,0.0,0.0,0.0,0.0,0.0,0.0,0.002990068317184974,0.0,0.0,0.0,0.0,0.0,0.0
SYSTEM78,ILE,4,0.024691358024691357,356.5,0.04578893962455606,0.33690204896274817,467.8415841584175,0.0,0.0,0.0,0.0,0.0,0.0,0.002968333545219331,0.0,0.0,0.0,0.0,0.0,0.0
SYSTEM79,TYR,0,0.012345679012345678,280.0,0.047751322751322746,0.17963199731311308,272.77227722772324,0.0,0.0,0.0,0.0,0.0,0.0,0.0029666769546478067,0.0,0.0,0.0,0.0,0.0,0.0
SYSTEM80,GLY,0,0.0,0.0,0.0,-7.787323066083292e-18,0.0,0.0,0.0,0.0,0.0,0.0,0.0,0.0,0.0,0.0,0.0,0.0,0.0,0.0
SYSTEM81,GLU,0,0.0,0.0,0.0,1.1913793341527674e-17,0.0,0.0,0.0,0.0,0.0,0.0,0.0,0.0,0.0,0.0,0.0,0.0,0.0,0.0
SYSTEM82,LYS,0,0.006172839506172839,0.0,0.006172839506172839,-3.141937759840376e-17,0.0,0.0,0.0,0.0,0.0,0.0,0.0,0.0,0.0,0.0,0.0,0.0,0.0,0.0
SYSTEM83,PHE,4,0.024691358024691357,414.1666666666667,0.04951989026063101,0.27689250764616014,567.6023102310238,0.0,0.0,0.0,0.0,0.0,0.0,0.0031798178402282274,0.0,0.0,0.0,0.0,0.0,0.0
SYSTEM84,GLU,0,0.006172839506172839,0.0,0.006172839506172839,-4.908136278212011e-17,0.0,0.0,0.0,0.0,0.0,0.0,0.0,0.0,0.0,0.0,0.0,0.0,0.0,0.0
SYSTEM85,ASP,0,0.006172839506172839,0.0,0.04456790123456791,0.044752813856041435,0.0,0.0,0.0,0.0,0.0,0.0,0.0,0.0026205523877552575,0.0,0.0,0.0,0.0,0.0,0.0
SYSTEM86,GLU,4,0.024691358024691357,540.8333333333333,0.054058101227912554,0.26454487475266214,508.9818481848188,0.0,0.0,0.0,0.0,0.0,0.0,0.003267710330665725,0.0,0.0,0.0,0.0,0.0,0.0
SYSTEM87,ASN,0,0.012345679012345678,0.0,0.04707876890975482,0.15045831447168076,69.4389438943897,0.0,0.0,0.0,0.0,0.0,0.0,0.0030157512606912547,0.0,0.0,0.0,0.0,0.0,0.0
SYSTEM88,PHE,0,0.006172839506172839,0.0,0.04267139479905437,0.027407874093401355,0.0,0.0,0.0,0.0,0.0,0.0,0.0,0.002478234126205915,0.0,0.0,0.0,0.0,0.0,0.0
SYSTEM89,ILE,0,0.0,0.0,0.0,3.8584066530161696e-18,0.0,0.0,0.0,0.0,0.0,0.0,0.0,0.0,0.0,0.0,0.0,0.0,0.0,0.0
SYSTEM90,LEU,0,0.012345679012345678,19.0,0.03527336860670194,3.7364571390417645e-16,0.0,19.0,0.0,0.0,0.0,0.0,0.0,0.0,0.01783468617811821,0.0,0.0,0.0,0.0,0.0
SYSTEM91,LYS,0,0.006172839506172839,0.0,0.02904865649963689,8.573646313108523e-17,0.0,0.0,0.0,0.0,0.0,0.0,0.0,0.0,0.013666228646517738,0.0,0.0,0.0,0.0,0.0
SYSTEM92,HIS,5,0.030864197530864196,96.5,0.05039052658100277,1.059371329285861e-15,0.0,104.87179487179498,0.0,0.0,0.0,0.0,0.0,0.0,0.026901189860320737,0.0,0.0,0.0,0.0,0.0
SYSTEM93,THR,0,0.0,0.0,0.0,2.6401871950017363e-18,0.0,0.0,0.0,0.0,0.0,0.0,0.0,0.0,0.0,0.0,0.0,0.0,0.0,0.0
SYSTEM94,GLY,0,0.0,0.0,0.0,-2.3306656564347288e-18,0.0,0.0,0.0,0.0,0.0,0.0,0.0,0.0,0.0,0.0,0.0,0.0,0.0,0.0
SYSTEM95,PRO,0,0.0,0.0,0.0,-8.753337159248748e-18,0.0,0.0,0.0,0.0,0.0,0.0,0.0,0.0,0.0,0.0,0.0,0.0,0.0,0.0
SYSTEM96,GLY,0,0.0,0.0,0.0,-9.47340268790707e-19,0.0,0.0,0.0,0.0,0.0,0.0,0.0,0.0,0.0,0.0,0.0,0.0,0.0,0.0
SYSTEM97,ILE,0,0.012345679012345678,7.0,0.03631082062454612,4.606754413362833e-16,0.0,26.307692307692314,0.0,0.0,0.0,0.0,0.0,0.0,0.020903122068873098,0.0,0.0,0.0,0.0,0.0
SYSTEM98,LEU,0,0.012345679012345678,806.0,0.054796599878567095,0.03138079479900785,805.9999999999994,0.0,0.0,0.0,0.0,0.0,0.0,0.0033387518347232723,0.0,0.0,0.0,0.0,0.0,0.0
SYSTEM99,SER,3,0.018518518518518517,91.0,0.04938271604938271,1.0499507688586134e-15,0.0,101.00000000000006,0.0,0.0,0.0,0.0,0.0,0.0,0.026553191489361694,0.0,0.0,0.0,0.0,0.0
SYSTEM100,MET,0,0.012345679012345678,236.83333333333334,0.052501454333915065,0.12238337716922071,348.9306930693073,0.0,0.0,0.0,0.0,0.0,0.0,0.0031320912253285003,0.0,0.0,0.0,0.0,0.0,0.0
SYSTEM101,ALA,0,0.012345679012345678,22.5,0.03527336860670194,7.373887180835823e-16,0.0,31.50000000000002,0.0,0.0,0.0,0.0,0.0,0.0,0.018211533971515287,0.0,0.0,0.0,0.0,0.0
SYSTEM102,ASN,0,0.006172839506172839,0.0,0.025455008272877687,4.601763502129737e-17,0.0,7.105427357601002e-15,0.0,0.0,0.0,0.0,0.0,0.0,0.012457078974686574,0.0,0.0,0.0,0.0,0.0
SYSTEM103,ALA,0,0.012345679012345678,56.0,0.0339924670433145,0.0107817982147348,56.00000000000155,0.0,0.0,0.0,0.0,0.0,0.0,0.002055749800508084,0.0,0.0,0.0,0.0,0.0,0.0
SYSTEM104,GLY,0,0.0,0.0,0.0,-6.021227169040424e-18,0.0,0.0,0.0,0.0,0.0,0.0,0.0,0.0,0.0,0.0,0.0,0.0,0.0,0.0
SYSTEM105,PRO,0,0.0,0.0,0.0,9.245856229292634e-18,0.0,0.0,0.0,0.0,0.0,0.0,0.0,0.0,0.0,0.0,0.0,0.0,0.0,0.0
SYSTEM106,ASN,0,0.0,0.0,0.0,-1.0665424147403162e-17,0.0,0.0,0.0,0.0,0.0,0.0,0.0,0.0,0.0,0.0,0.0,0.0,0.0,0.0
SYSTEM107,THR,0,0.006172839506172839,0.0,0.031045751633986932,0.0034229129367693055,7.247535904753022e-13,0.0,0.0,0.0,0.0,0.0,0.0,0.0018435201001352818,0.0,0.0,0.0,0.0,0.0,0.0
SYSTEM108,ASN,3,0.018518518518518517,246.5,0.050902425267907496,0.1409664275577078,371.8052805280532,0.0,0.0,0.0,0.0,0.0,0.0,0.003071263118004723,0.0,0.0,0.0,0.0,0.0,0.0
SYSTEM109,GLY,0,0.0,0.0,0.0,-6.301155967904204e-18,0.0,0.0,0.0,0.0,0.0,0.0,0.0,0.0,0.0,0.0,0.0,0.0,0.0,0.0
SYSTEM110,SER,3,0.018518518518518517,266.0,0.04143709825528007,0.08541130454606496,266.00000000000114,0.0,0.0,0.0,0.0,0.0,0.0,0.0026285317938586016,0.0,0.0,0.0,0.0,0.0,0.0
SYSTEM111,GLN,0,0.012345679012345678,110.0,0.037417081260364846,0.030538562242607915,110.00000000000166,0.0,0.0,0.0,0.0,0.0,0.0,0.002312456756347512,0.0,0.0,0.0,0.0,0.0,0.0
SYSTEM112,PHE,0,0.0,0.0,0.0,-7.987492609736086e-18,0.0,0.0,0.0,0.0,0.0,0.0,0.0,0.0,0.0,0.0,0.0,0.0,0.0,0.0
SYSTEM113,PHE,3,0.018518518518518517,85.0,0.04331817197314273,9.498170478701373e-16,0.0,87.25000000000001,0.0,0.0,0.0,0.0,0.0,0.0,0.022391273144825603,0.0,0.0,0.0,0.0,0.0
SYSTEM114,ILE,0,0.012345679012345678,126.0,0.04517017017017017,0.0003946826128419359,276.5000000000006,0.0,0.0,0.0,0.0,0.0,0.0,0.0027509322982190603,0.0,0.0,0.0,0.0,0.0,0.0
SYSTEM115,CYS,0,0.012345679012345678,3.5,0.0333667000333667,2.8311959490116305e-16,0.0,25.230769230769262,0.0,0.0,0.0,0.0,0.0,0.0,0.02044293015332197,0.0,0.0,0.0,0.0,0.0
SYSTEM116,THR,0,0.012345679012345678,162.0,0.039324618736383446,0.00015156220034763312,162.0,0.0,0.0,0.0,0.0,0.0,0.0,0.002412468837587037,0.0,0.0,0.0,0.0,0.0,0.0
SYSTEM117,ALA,0,0.0,0.0,0.0,-9.701004714527601e-18,0.0,0.0,0.0,0.0,0.0,0.0,0.0,0.0,0.0,0.0,0.0,0.0,0.0,0.0
SYSTEM118,LYS,0,0.006172839506172839,0.0,0.006172839506172839,2.9107967188115314e-17,0.0,0.0,0.0,0.0,0.0,0.0,0.0,0.0,0.0,0.0,0.0,0.0,0.0,0.0
SYSTEM119,THR,4,0.024691358024691357,30.5,0.04115226337448559,5.742017511305071e-16,0.0,55.84615384615387,0.0,0.0,0.0,0.0,0.0,0.0,0.023639945446279724,0.0,0.0,0.0,0.0,0.0
SYSTEM120,GLU,0,0.006172839506172839,0.0,0.006172839506172839,4.11964237684333e-17,0.0,0.0,0.0,0.0,0.0,0.0,0.0,0.0,0.0,0.0,0.0,0.0,0.0,0.0
SYSTEM121,TRP,0,0.006172839506172839,0.0,0.03125488357555868,1.2458872099628902e-16,0.0,0.0,0.0,0.0,0.0,0.0,0.0,0.0,0.016312872529540938,0.0,0.0,0.0,0.0,0.0
SYSTEM122,LEU,3,0.018518518518518517,36.0,0.0404776361060514,4.581595899817121e-16,0.0,49.35897435897442,0.0,0.0,0.0,0.0,0.0,0.0,0.022585782539452717,0.0,0.0,0.0,0.0,0.0
SYSTEM123,ASP,0,0.012345679012345678,19.0,0.03741114852225963,3.4607340691629277e-16,0.0,19.0,0.0,0.0,0.0,0.0,0.0,0.0,0.018459353922612696,0.0,0.0,0.0,0.0,0.0
SYSTEM124,GLY,0,0.0,0.0,0.0,-8.028302211150828e-18,0.0,0.0,0.0,0.0,0.0,0.0,0.0,0.0,0.0,0.0,0.0,0.0,0.0,0.0
SYSTEM125,LYS,0,0.0,0.0,0.0,3.628435437930312e-18,0.0,0.0,0.0,0.0,0.0,0.0,0.0,0.0,0.0,0.0,0.0,0.0,0.0,0.0
SYSTEM126,HIS,0,0.012345679012345678,19.0,0.03165558721114276,1.393916444051233e-16,0.0,19.000000000000057,0.0,0.0,0.0,0.0,0.0,0.0,0.01631969871325452,0.0,0.0,0.0,0.0,0.0
SYSTEM127,VAL,0,0.012345679012345678,56.0,0.04844337090713902,0.08633178039545006,56.0,0.0,0.0,0.0,0.0,0.0,0.0,0.002877589144935999,0.0,0.0,0.0,0.0,0.0,0.0
SYSTEM128,VAL,4,0.024691358024691357,52.5,0.04658746797111577,1.0225270287711626e-15,0.0,79.07692307692307,0.0,0.0,0.0,0.0,0.0,0.0,0.025594749794913847,0.0,0.0,0.0,0.0,0.0
SYSTEM129,PHE,0,0.012345679012345678,810.0,0.05540208717004297,0.0875930692277149,809.9999999999994,0.0,0.0,0.0,0.0,0.0,0.0,0.0033839444375207686,0.0,0.0,0.0,0.0,0.0,0.0
SYSTEM130,GLY,0,0.0,0.0,0.0,-1.242824006578541e-17,0.0,0.0,0.0,0.0,0.0,0.0,0.0,0.0,0.0,0.0,0.0,0.0,0.0,0.0
SYSTEM131,LYS,0,0.006172839506172839,0.0,0.01286008230452675,-1.1483601841151372e-16,0.0,0.0,0.0,0.0,0.0,0.0,0.0,0.0,0.0,0.0,0.08333333333333334,0.0,0.0,0.0
SYSTEM132,VAL,0,0.012345679012345678,792.0,0.05277777777777778,0.004064829584190589,791.999999999999,0.0,0.0,0.0,0.0,0.0,0.0,0.0031896591117617653,0.0,0.0,0.0,0.0,0.0,0.0
SYSTEM133,LYS,0,0.012345679012345678,6.0,0.019290123456790122,-7.46027196666834e-17,0.0,0.0,0.0,5.999999999999997,0.0,0.0,0.0,0.0,0.0,0.0,0.12500000000000003,0.0,0.0,0.0
SYSTEM134,GLU,0,0.006172839506172839,0.0,0.006172839506172839,-1.759382088496574e-18,0.0,0.0,0.0,0.0,0.0,0.0,0.0,0.0,0.0,0.0,0.0,0.0,0.0,0.0
SYSTEM135,GLY,0,0.0,0.0,0.0,-1.2638957567293562e-19,0.0,0.0,0.0,0.0,0.0,0.0,0.0,0.0,0.0,0.0,0.0,0.0,0.0,0.0
SYSTEM136,MET,0,0.012345679012345678,782.0,0.05142450142450143,0.0015507916625558207,781.9999999999989,0.0,0.0,0.0,0.0,0.0,0.0,0.0030910646853742757,0.0,0.0,0.0,0.0,0.0,0.0
SYSTEM137,ASN,0,0.006172839506172839,0.0,0.006172839506172839,1.1095317553308516e-16,0.0,0.0,0.0,0.0,0.0,0.0,0.0,0.0,0.0,0.0,0.0,0.0,0.0,0.0
SYSTEM138,ILE,0,0.006172839506172839,0.0,0.006172839506172839,9.866409066010887e-17,0.0,0.0,0.0,0.0,0.0,0.0,0.0,0.0,0.0,0.0,0.0,0.0,0.0,0.0
SYSTEM139,VAL,3,0.018518518518518517,777.0,0.04988944168048646,0.0008199931056178329,803.2499999999995,0.0,0.0,0.0,0.0,0.0,0.0,0.0029805093201277656,0.0,0.0,0.0,0.0,0.0,0.0
SYSTEM140,GLU,0,0.0,0.0,0.0,-1.8152944196222443e-17,0.0,0.0,0.0,0.0,0.0,0.0,0.0,0.0,0.0,0.0,0.0,0.0,0.0,0.0
SYSTEM141,ALA,0,0.012345679012345678,56.0,0.03342592592592593,3.301015469038549e-05,56.0,0.0,0.0,0.0,0.0,0.0,0.0,0.001929267988086935,0.0,0.0,0.0,0.0,0.0,0.0
SYSTEM142,MET,5,0.030864197530864196,721.0,0.047979797979797977,0.0006374135647438627,731.7499999999997,0.0,0.0,0.0,0.0,0.0,0.0,0.0028529602030027213,0.0,0.0,0.0,0.0,0.0,0.0
SYSTEM143,GLU,0,0.012345679012345678,110.0,0.035686041913799926,5.4190621646035525e-05,110.0,0.0,0.0,0.0,0.0,0.0,0.0,0.0021435624071376234,0.0,0.0,0.0,0.0,0.0,0.0
SYSTEM144,ARG,0,0.006172839506172839,0.0,0.03057249322493225,1.0479781135177296e-05,0.0,0.0,0.0,0.0,0.0,0.0,0.0,0.0017411552980709818,0.0,0.0,0.0,0.0,0.0,0.0
SYSTEM145,PHE,3,0.018518518518518517,50.0,0.04011111111111111,0.00023458849947356284,195.27272727272882,0.0,0.0,0.0,0.0,0.0,0.0,0.0024124688375870406,0.0,0.0,0.0,0.0,0.0,0.0
SYSTEM146,GLY,0,0.0,0.0,0.0,-1.6140366858308856e-17,0.0,0.0,0.0,0.0,0.0,0.0,0.0,0.0,0.0,0.0,0.0,0.0,0.0,0.0
SYSTEM147,SER,0,0.006172839506172839,0.0,0.006172839506172839,4.80531172914255e-17,0.0,0.0,0.0,0.0,0.0,0.0,0.0,0.0,0.0,0.0,0.0,0.0,0.0,0.0
SYSTEM148,ARG,0,0.006172839506172839,0.0,0.029844576719576722,6.073952611426995e-06,-5.684341886080802e-14,0.0,0.0,0.0,0.0,0.0,0.0,0.0017345658829938282,0.0,0.0,0.0,0.0,0.0,0.0
SYSTEM149,ASN,0,0.006172839506172839,0.0,0.006172839506172839,4.424933416992067e-17,0.0,0.0,0.0,0.0,0.0,0.0,0.0,0.0,0.0,0.0,0.0,0.0,0.0,0.0
SYSTEM150,GLY,0,0.0,0.0,0.0,-1.150167401148807e-17,0.0,0.0,0.0,0.0,0.0,0.0,0.0,0.0,0.0,0.0,0.0,0.0,0.0,0.0
SYSTEM151,LYS,0,0.0,0.0,0.0,-5.5918075273435945e-18,0.0,0.0,0.0,0.0,0.0,0.0,0.0,0.0,0.0,0.0,0.0,0.0,0.0,0.0
SYSTEM152,THR,0,0.006172839506172839,0.0,0.03518518518518519,4.7435870416590376e-05,0.0,0.0,0.0,0.0,0.0,0.0,0.0,0.0021074232609134516,0.0,0.0,0.0,0.0,0.0,0.0
SYSTEM153,SER,0,0.0,0.0,0.0,8.692033188389499e-18,0.0,0.0,0.0,0.0,0.0,0.0,0.0,0.0,0.0,0.0,0.0,0.0,0.0,0.0
SYSTEM154,LYS,0,0.012345679012345678,2.0,0.03659772911597729,0.00011757335622407779,98.54545454545519,0.0,0.0,0.0,0.0,0.0,0.0,0.002265404777978615,0.0,0.0,0.0,0.0,0.0,0.0
SYSTEM155,LYS,0,0.012345679012345678,110.0,0.03376356154133932,4.8538662026757973e-05,110.00000000000011,0.0,0.0,0.0,0.0,0.0,0.0,0.0020379260296440956,0.0,0.0,0.0,0.0,0.0,0.0
SYSTEM156,ILE,3,0.018518518518518517,470.0,0.044175232501223696,0.00035985452958262726,474.4545454545465,0.0,0.0,0.0,0.0,0.0,0.0,0.0025872342539568854,0.0,0.0,0.0,0.0,0.0,0.0
SYSTEM157,THR,0,0.006172839506172839,0.0,0.028488005050505052,5.440453052917538e-06,2.842170943040401e-14,0.0,0.0,0.0,0.0,0.0,0.0,0.0016647384985761968,0.0,0.0,0.0,0.0,0.0,0.0
SYSTEM158,ILE,0,0.012345679012345678,9.0,0.01582779360557138,1.4345708769915075e-16,0.0,0.0,9.00000000000001,0.0,0.0,0.0,0.0,0.0,0.0,0.02666666666666666,0.0,0.0,0.0,0.0
SYSTEM159,ALA,0,0.006172839506172839,0.0,0.008230452674897118,9.426651112500218e-17,0.0,0.0,0.0,0.0,0.0,0.0,0.0,0.0,0.0,0.0,0.0,0.0,0.3333333333333333,0.0
SYSTEM160,ASP,0,0.006172839506172839,0.0,0.006172839506172839,-4.6128104237237775e-17,0.0,0.0,0.0,0.0,0.0,0.0,0.0,0.0,0.0,0.0,0.0,0.0,0.0,0.0
SYSTEM161,CYS,0,0.012345679012345678,21.0,0.022862368541380886,2.1164097257582646e-16,0.0,0.0,21.0,0.0,0.0,0.0,0.0,0.0,0.0,0.0392156862745098,0.0,0.0,0.0,0.0
SYSTEM162,GLY,0,0.0,0.0,0.0,-1.2811524079272141e-17,0.0,0.0,0.0,0.0,0.0,0.0,0.0,0.0,0.0,0.0,0.0,0.0,0.0,0.0
SYSTEM163,GLN,0,0.006172839506172839,0.0,0.0339924670433145,0.07658985896770075,0.0,0.0,0.0,0.0,0.0,0.0,0.0,0.0022187336542719726,0.0,0.0,0.0,0.0,0.0,0.0
SYSTEM164,LEU,0,0.006172839506172839,0.0,0.011022927689594356,2.241455151415725e-17,0.0,0.0,0.0,2.220446049250313e-15,0.0,0.0,0.0,0.0,0.0,0.0,0.07142857142857145,0.0,0.0,0.0
